time,104 GtCO2 temporary storage vs. permanent removal,200 GtCO2 temporary storage vs. permanent removal,296 GtCO2 temporary storage vs. permanent removal
2015.5,0.0,0.0,0.0
2016.5,0.0,0.0,0.0
2017.5,0.0,0.0,0.0
2018.5,0.0,0.0,0.0
2019.5,0.0,0.0,0.0
2020.5,0.0,0.0,0.0
2021.5,0.0,0.0,0.0
2022.5,0.0,0.0,0.0
2023.5,0.0,0.0,0.0
2024.5,0.0,0.0,0.0
2025.5,0.0,0.0,0.0
2026.5,0.0,0.0,0.0
2027.5,0.0,0.0,0.0
2028.5,0.0,0.0,0.0
2029.5,0.0,0.0,0.0
2030.5,0.0,0.0,0.0
2031.5,0.0,0.0,0.0
2032.5,0.0,0.0,0.0
2033.5,0.0,0.0,0.0
2034.5,0.0,0.0,0.0
2035.5,0.0,0.0,0.0
2036.5,0.0,0.0,0.0
2037.5,0.0,0.0,0.0
2038.5,0.0,0.0,0.0
2039.5,0.0,0.0,0.0
2040.5,0.0,0.0,0.0
2041.5,0.0,0.0,0.0
2042.5,0.0,0.0,0.0
2043.5,0.0,0.0,0.0
2044.5,0.0,0.0,0.0
2045.5,0.0,0.0,0.0
2046.5,0.0,0.0,0.0
2047.5,0.0,0.0,0.0
2048.5,0.0,0.0,0.0
2049.5,0.0,0.0,0.0
2050.5,0.0,0.0,0.0
2051.5,0.0,0.0,0.0
2052.5,0.0,0.0,0.0
2053.5,0.0,0.0,0.0
2054.5,0.0,0.0,0.0
2055.5,0.0,0.0,0.0
2056.5,0.0,0.0,0.0
2057.5,3.0517578e-05,-0.00015258789,3.0517578e-05
2058.5,0.00030517578,-0.00048828125,0.00064086914
2059.5,0.0018920898,-0.00036621094,0.00024414062
2060.5,0.0031433105,-0.0016784668,-0.0004272461
2061.5,0.0050964355,-0.0047912598,-0.0009460449
2062.5,0.0060424805,-0.0037231445,-0.0014648438
2063.5,0.0061035156,-0.0028381348,-0.001159668
2064.5,0.004760742,-0.004272461,-0.0007019043
2065.5,0.006713867,-0.013946533,0.0012512207
2066.5,0.009002686,-0.017181396,0.0012207031
2067.5,0.009094238,-0.013092041,0.00390625
2068.5,0.008911133,-0.008575439,0.0075683594
2069.5,0.011108398,-0.0028076172,0.011444092
2070.5,0.027435303,0.021118164,0.014190674
2071.5,0.047424316,0.04650879,0.011413574
2072.5,0.050720215,0.057006836,0.0284729
2073.5,0.052947998,0.063079834,0.051330566
2074.5,0.05960083,0.068237305,0.06506348
2075.5,0.06774902,0.07473755,0.0793457
2076.5,0.07473755,0.08639526,0.11248779
2077.5,0.08117676,0.103881836,0.14263916
2078.5,0.08166504,0.11651611,0.17736816
2079.5,0.09262085,0.13070679,0.20019531
2080.5,0.110565186,0.15805054,0.22991943
2081.5,0.122802734,0.18554688,0.25738525
2082.5,0.13031006,0.20013428,0.29537964
2083.5,0.14620972,0.21362305,0.31222534
2084.5,0.17523193,0.21878052,0.32037354
2085.5,0.20266724,0.22106934,0.33059692
2086.5,0.2138977,0.22821045,0.35653687
2087.5,0.22061157,0.2521057,0.40133667
2088.5,0.2361145,0.2786255,0.44573975
2089.5,0.24383545,0.30386353,0.47665405
2090.5,0.26983643,0.34039307,0.5039978
2091.5,0.27954102,0.3553772,0.54281616
2092.5,0.28671265,0.38153076,0.5623779
2093.5,0.2902527,0.4064331,0.5991211
2094.5,0.28503418,0.4128418,0.6315613
2095.5,0.276886,0.41049194,0.63604736
2096.5,0.26898193,0.41088867,0.62664795
2097.5,0.2566223,0.4213562,0.6213684
2098.5,0.24926758,0.44787598,0.62042236
2099.5,0.25854492,0.5012207,0.6488037
2100.5,0.2642517,0.5364075,0.6928711
2101.5,0.2779541,0.5444031,0.72372437
2102.5,0.27990723,0.5564575,0.75112915
2103.5,0.2659607,0.5829468,0.79055786
2104.5,0.25222778,0.6062927,0.84069824
2105.5,0.24014282,0.62106323,0.88375854
2106.5,0.2347107,0.62771606,0.9017639
2107.5,0.23446655,0.6225891,0.8998718
2108.5,0.23614502,0.62216187,0.8982849
2109.5,0.23684692,0.6286316,0.901001
2110.5,0.23251343,0.614563,0.891449
2111.5,0.22885132,0.5915222,0.8633728
2112.5,0.22521973,0.5727844,0.83496094
2113.5,0.22174072,0.5545044,0.80947876
2114.5,0.23040771,0.5513916,0.7984314
2115.5,0.23226929,0.5526123,0.79733276
2116.5,0.22998047,0.5386963,0.78826904
2117.5,0.22381592,0.5187378,0.76672363
2118.5,0.21984863,0.4991455,0.7395325
2119.5,0.2140503,0.48120117,0.7151184
2120.5,0.20907593,0.4647522,0.6919861
2121.5,0.20385742,0.44958496,0.6702881
2122.5,0.19802856,0.4336548,0.64697266
2123.5,0.19302368,0.418396,0.6239319
2124.5,0.1869812,0.40322876,0.60110474
2125.5,0.181427,0.38787842,0.5788574
2126.5,0.17593384,0.3736267,0.55758667
2127.5,0.17077637,0.3607483,0.5378418
2128.5,0.16671753,0.34906006,0.52023315
2129.5,0.16366577,0.3395996,0.5054321
2130.5,0.16091919,0.3312683,0.49279785
2131.5,0.15811157,0.3230896,0.4807434
2132.5,0.15560913,0.31552124,0.469635
2133.5,0.15255737,0.3081665,0.45898438
2134.5,0.15008545,0.3010559,0.44891357
2135.5,0.14944458,0.2960205,0.44003296
2136.5,0.14816284,0.2928772,0.43356323
2137.5,0.15054321,0.29263306,0.43185425
2138.5,0.15057373,0.29388428,0.43099976
2139.5,0.1491394,0.2914734,0.4300537
2140.5,0.14691162,0.2871704,0.42523193
2141.5,0.14578247,0.28329468,0.41952515
2142.5,0.14575195,0.28121948,0.41549683
2143.5,0.14523315,0.28045654,0.413208
2144.5,0.14428711,0.27893066,0.41171265
2145.5,0.14294434,0.27627563,0.4088745
2146.5,0.14224243,0.27398682,0.40567017
2147.5,0.14199829,0.27288818,0.4031372
2148.5,0.1408081,0.27148438,0.40109253
2149.5,0.13980103,0.26937866,0.39874268
2150.5,0.13879395,0.2673645,0.39572144
2151.5,0.1378479,0.26522827,0.3928833
2152.5,0.1368103,0.2631836,0.3899536
2153.5,0.1366272,0.26208496,0.38806152
2154.5,0.1359253,0.26141357,0.38659668
2155.5,0.13531494,0.26037598,0.38562012
2156.5,0.13452148,0.25915527,0.38394165
2157.5,0.13388062,0.25784302,0.38223267
2158.5,0.13345337,0.25680542,0.3805542
2159.5,0.13330078,0.25619507,0.3791504
2160.5,0.13308716,0.25567627,0.37808228
2161.5,0.13302612,0.255188,0.37753296
2162.5,0.13296509,0.25497437,0.37722778
2163.5,0.1328125,0.2546997,0.37695312
2164.5,0.13278198,0.2545166,0.3767395
2165.5,0.13311768,0.2546997,0.37680054
2166.5,0.13330078,0.255188,0.37716675
2167.5,0.13336182,0.2555542,0.37774658
2168.5,0.1335144,0.2558899,0.37820435
2169.5,0.13372803,0.25631714,0.37872314
2170.5,0.13406372,0.25686646,0.37939453
2171.5,0.13439941,0.2574768,0.38027954
2172.5,0.13491821,0.2583313,0.38153076
2173.5,0.13549805,0.25930786,0.38293457
2174.5,0.13613892,0.26046753,0.38464355
2175.5,0.1368103,0.26171875,0.38653564
2176.5,0.13757324,0.26306152,0.3885498
2177.5,0.13809204,0.26434326,0.39059448
2178.5,0.1387024,0.26550293,0.3925476
2179.5,0.13931274,0.26663208,0.3942566
2180.5,0.13989258,0.26782227,0.39587402
2181.5,0.14056396,0.26898193,0.397583
2182.5,0.14123535,0.2701416,0.39935303
2183.5,0.14190674,0.27142334,0.40112305
2184.5,0.14260864,0.2727356,0.40307617
2185.5,0.1434021,0.2741394,0.4050598
2186.5,0.14419556,0.27563477,0.40719604
2187.5,0.14498901,0.27722168,0.40948486
2188.5,0.1458435,0.2788086,0.41177368
2189.5,0.14654541,0.280365,0.41403198
2190.5,0.14727783,0.28186035,0.41629028
2191.5,0.14801025,0.2833557,0.41848755
2192.5,0.14892578,0.28503418,0.42080688
2193.5,0.14974976,0.28677368,0.42321777
2194.5,0.15060425,0.28863525,0.4256897
2195.5,0.15136719,0.2902527,0.42822266
2196.5,0.15219116,0.29180908,0.43060303
2197.5,0.1529541,0.29336548,0.43286133
2198.5,0.15371704,0.29486084,0.4350891
2199.5,0.1545105,0.29632568,0.43728638
2200.5,0.15527344,0.29779053,0.43948364
2201.5,0.15600586,0.29925537,0.44158936
2202.5,0.1567688,0.3006897,0.4437561
2203.5,0.15753174,0.30215454,0.44586182
2204.5,0.15835571,0.3036499,0.44805908
2205.5,0.1592102,0.3052063,0.45025635
2206.5,0.16003418,0.3067932,0.45251465
2207.5,0.16079712,0.3083496,0.45480347
2208.5,0.16152954,0.309906,0.45706177
2209.5,0.16226196,0.31140137,0.45932007
2210.5,0.16299438,0.31289673,0.46148682
2211.5,0.16381836,0.31445312,0.4637146
2212.5,0.16488647,0.31622314,0.46618652
2213.5,0.16583252,0.31802368,0.46871948
2214.5,0.16656494,0.31970215,0.47122192
2215.5,0.16726685,0.32131958,0.47369385
2216.5,0.16796875,0.3227234,0.47610474
2217.5,0.16867065,0.32406616,0.478302
2218.5,0.16937256,0.32543945,0.48034668
2219.5,0.17010498,0.32678223,0.4822998
2220.5,0.1708374,0.32815552,0.48428345
2221.5,0.17160034,0.3295288,0.4862976
2222.5,0.17236328,0.33096313,0.4883728
2223.5,0.17318726,0.3324585,0.490448
2224.5,0.17416382,0.33413696,0.49276733
2225.5,0.1751709,0.33584595,0.4951477
2226.5,0.17590332,0.3374939,0.497406
2227.5,0.17654419,0.3390503,0.4996643
2228.5,0.17721558,0.34048462,0.5019226
2229.5,0.17791748,0.34176636,0.5041199
2230.5,0.1786499,0.3430481,0.50631714
2231.5,0.1796875,0.34466553,0.5085144
2232.5,0.18096924,0.34655762,0.51101685
2233.5,0.18200684,0.3484497,0.5135193
2234.5,0.18276978,0.3503418,0.5160217
2235.5,0.18344116,0.35214233,0.5185547
2236.5,0.18408203,0.3536682,0.52108765
2237.5,0.18475342,0.35494995,0.5235596
2238.5,0.18572998,0.35653687,0.526062
2239.5,0.18740845,0.35876465,0.5287781
2240.5,0.18930054,0.36117554,0.5317688
2241.5,0.19058228,0.36358643,0.5347595
2242.5,0.1913147,0.36590576,0.5376282
2243.5,0.19174194,0.3680725,0.5404663
2244.5,0.19216919,0.3696289,0.5432129
2245.5,0.19262695,0.370636,0.5459595
2246.5,0.1930542,0.37149048,0.548584
2247.5,0.19351196,0.37231445,0.5506592
2248.5,0.19396973,0.37322998,0.55215454
2249.5,0.19445801,0.3741455,0.5534363
2250.5,0.19503784,0.3751526,0.5548096
2251.5,0.1958313,0.3763733,0.5562744
2252.5,0.19671631,0.37771606,0.5579834
2253.5,0.19754028,0.3791504,0.559845
2254.5,0.19833374,0.38058472,0.5617981
2255.5,0.19897461,0.3821411,0.5638428
2256.5,0.19961548,0.383667,0.56588745
2257.5,0.20025635,0.38510132,0.5679016
2258.5,0.20077515,0.38638306,0.56985474
2259.5,0.20117188,0.3875122,0.5716858
2260.5,0.20153809,0.38848877,0.5734253
2261.5,0.20199585,0.38952637,0.57510376
2262.5,0.2024231,0.3904419,0.5767517
2263.5,0.20297241,0.39138794,0.5783081
2264.5,0.20376587,0.39257812,0.57995605
2265.5,0.2048645,0.39398193,0.5818176
2266.5,0.2062378,0.3956604,0.5839844
2267.5,0.20767212,0.39746094,0.5863037
2268.5,0.2090149,0.39941406,0.58877563
2269.5,0.20999146,0.4013672,0.591156
2270.5,0.2106018,0.40322876,0.5935974
2271.5,0.21102905,0.4050598,0.59588623
2272.5,0.21130371,0.40682983,0.59814453
2273.5,0.21157837,0.40847778,0.6003418
2274.5,0.21185303,0.4096985,0.602478
2275.5,0.21212769,0.41055298,0.6045532
2276.5,0.21240234,0.4111328,0.6065674
2277.5,0.212677,0.4116516,0.60849
2278.5,0.2130127,0.41210938,0.61035156
2279.5,0.2133789,0.41262817,0.61172485
2280.5,0.21374512,0.413208,0.61279297
2281.5,0.21414185,0.41378784,0.61364746
2282.5,0.21456909,0.41445923,0.6144104
2283.5,0.21502686,0.41519165,0.6152954
2284.5,0.2154541,0.4159851,0.616272
2285.5,0.2159729,0.4168396,0.6173096
2286.5,0.21646118,0.41766357,0.6183777
2287.5,0.21694946,0.41851807,0.61953735
2288.5,0.21743774,0.41940308,0.62075806
2289.5,0.21792603,0.42025757,0.62197876
2290.5,0.21838379,0.4211731,0.6232605
2291.5,0.21890259,0.42211914,0.62454224
2292.5,0.2194519,0.42303467,0.625885
2293.5,0.2199707,0.4239807,0.6272583
2294.5,0.22055054,0.4249878,0.6286316
2295.5,0.22113037,0.42596436,0.6300049
2296.5,0.22167969,0.42697144,0.6314087
2297.5,0.22225952,0.42797852,0.632843
2298.5,0.22286987,0.4289856,0.63430786
2299.5,0.22348022,0.4300232,0.6357727
2300.5,0.22406006,0.4310608,0.63726807
