time,sce1,sce2,sce3,sce4,sce5,sce6
2015.5,0.0,0.0,0.0,0.0,0.0,0.0
2016.5,0.0,0.0,0.0,0.0,0.0,0.0
2017.5,0.0,0.0,0.0,0.0,0.0,0.0
2018.5,0.0,0.0,0.0,0.0,0.0,0.0
2019.5,0.0,0.0,0.0,0.0,0.0,0.0
2020.5,-0.17950821,-0.17950821,-0.3461914,-0.3461914,-0.5128746,-0.5128746
2021.5,-0.5435066,-0.5435066,-1.0481911,-1.0481911,-1.5528755,-1.5528755
2022.5,-0.90750504,-0.90750504,-1.7501907,-1.7501907,-2.5928726,-2.5928726
2023.5,-1.2715111,-1.2715111,-2.4521942,-2.4521942,-3.6328793,-3.6328793
2024.5,-1.6355095,-1.6355095,-3.154192,-3.154192,-4.6728783,-4.6728783
2025.5,-1.9995079,-1.9995079,-3.8561916,-3.8561916,-5.7128773,-5.7128773
2026.5,-2.3635063,-2.3635063,-4.5581913,-4.5581913,-6.7528763,-6.7528763
2027.5,-2.7275066,-2.7275066,-5.260191,-5.260191,-7.792877,-7.792877
2028.5,-3.091507,-3.091507,-5.9621925,-5.9621925,-8.832878,-8.832878
2029.5,-3.4555073,-3.4555073,-6.664192,-6.664192,-9.872877,-9.872877
2030.5,-3.6400013,-3.6400013,-7.0200024,-7.0200024,-10.400002,-10.400002
2031.5,-3.5681953,-3.6399994,-6.881521,-7.0200005,-10.194848,-10.399999
2032.5,-3.422596,-3.6399994,-6.6007223,-7.0199986,-9.778849,-10.399999
2033.5,-3.2769966,-3.6399994,-6.3199224,-7.0199995,-9.362849,-10.4
2034.5,-3.1313953,-3.6399994,-6.0391226,-7.0199995,-8.946849,-10.4
2035.5,-2.985797,-3.6399994,-5.7583227,-7.0199995,-8.5308485,-10.4
2036.5,-2.8401976,-3.6400013,-5.477524,-7.0200005,-8.11485,-10.400002
2037.5,-2.6945963,-3.6400003,-5.196723,-7.0199995,-7.6988487,-10.4
2038.5,-2.548997,-3.6399994,-4.915923,-7.02,-7.282849,-10.4
2039.5,-2.4033976,-3.6399994,-4.6351233,-7.0199995,-6.866849,-10.4
2040.5,-2.2577972,-3.6399994,-4.354323,-7.02,-6.450849,-10.4
2041.5,-2.1121979,-3.6400008,-4.073524,-7.0200005,-6.03485,-10.400001
2042.5,-1.9665966,-3.6399994,-3.7927227,-7.0199995,-5.618849,-10.4
2043.5,-1.8209963,-3.6399994,-3.5119224,-7.0199995,-5.202849,-10.4
2044.5,-1.6753969,-3.6399999,-3.231123,-7.02,-4.7868495,-10.4
2045.5,-1.5297971,-3.6399994,-2.950323,-7.0199995,-4.3708487,-10.4
2046.5,-1.3841977,-3.6400008,-2.6695237,-7.0200005,-3.9548502,-10.400001
2047.5,-1.2385969,-3.6399999,-2.388723,-7.0199995,-3.5388494,-10.4
2048.5,-1.0929971,-3.64,-2.107923,-7.02,-3.1228495,-10.4
2049.5,-0.9473977,-3.6400003,-1.8271236,-7.0200005,-2.7068498,-10.4
2050.5,-0.8017974,-3.6399999,-1.5463233,-7.0199995,-2.2908492,-10.4
2051.5,-0.6561971,-3.2809863,-1.2655234,-6.327616,-1.8748493,-9.374247
2052.5,-0.5105972,-2.5529861,-0.9847231,-4.9236164,-1.4588492,-7.2942467
2053.5,-0.3649969,-1.824986,-0.70392275,-3.5196161,-1.0428488,-5.2142463
2054.5,-0.21939754,-1.0969863,-0.42312336,-2.1156163,-0.6268494,-3.1342466
2055.5,-0.07379675,-0.3689859,-0.14232302,-0.7116163,-0.21084929,-1.0542464
2056.5,0.0,0.0,0.0,0.0,0.0,0.0
2057.5,0.094343185,0.14533925,0.18194747,0.28029704,0.269552,0.4152553
2058.5,0.28564954,0.44005513,0.55089617,0.8486781,0.81614256,1.2573004
2059.5,0.47695637,0.734771,0.91984487,1.4170587,1.3627331,2.099346
2060.5,0.6682637,1.0294871,1.288794,1.9854398,1.9093242,2.941392
2061.5,0.8595705,1.324203,1.6577425,2.5538197,2.455915,3.7834373
2062.5,1.0508773,1.6189187,2.0266917,3.1222007,3.0025065,4.6254826
2063.5,1.2421839,1.9136345,2.3956406,3.6905816,3.5490968,5.4675274
2064.5,1.4334906,2.2083507,2.7645893,4.258962,4.095688,6.309573
2065.5,1.6247976,2.5030665,3.1335382,4.827343,4.642279,7.1516194
2066.5,1.8161044,2.7977822,3.502487,5.3957233,5.1888695,7.993664
2067.5,2.0074112,3.0924985,3.8714359,5.9641037,5.735461,8.83571
2068.5,2.1043751,3.2418752,4.0584373,6.2521877,6.0125003,9.2625
2069.5,2.1043751,3.241875,4.058438,6.2521877,6.0125,9.2625
2070.5,2.1043751,3.2418752,4.0584373,6.2521873,6.0125003,9.2625
2071.5,2.104375,3.241875,4.0584373,6.2521877,6.0125,9.2625
2072.5,2.104375,3.241875,4.058438,6.2521877,6.0124993,9.2625
2073.5,2.104375,3.241875,4.058438,6.2521877,6.0125,9.2625
2074.5,2.104375,3.2418747,4.058438,6.2521877,6.0124993,9.262501
2075.5,2.1043746,3.2418747,4.0584373,6.2521877,6.0125,9.2625
2076.5,2.104375,3.2418747,4.058438,6.2521877,6.0125,9.2625
2077.5,2.104375,3.241875,4.0584373,6.2521877,6.0125,9.2625
2078.5,2.104375,3.241875,4.0584373,6.2521877,6.0125,9.262501
2079.5,2.104375,3.241875,4.0584373,6.2521877,6.0125,9.2625
2080.5,2.1043751,3.2418752,4.0584373,6.2521877,6.0125003,9.262501
2081.5,2.104375,3.241875,4.0584373,6.2521877,6.0125,9.2625
2082.5,2.104375,3.241875,4.058438,6.2521877,6.0125,9.2625
2083.5,2.104375,3.241875,4.0584373,6.2521877,6.0125,9.2625
2084.5,2.1043751,3.2418752,4.0584373,6.2521877,6.0125003,9.262501
2085.5,2.104375,3.241875,4.058438,6.2521877,6.0125,9.262501
2086.5,2.1043746,3.2418747,4.0584373,6.2521873,6.0125,9.2625
2087.5,2.104375,3.241875,4.0584373,6.2521877,6.0125,9.262501
2088.5,2.1043751,3.2418752,4.0584373,6.2521877,6.0125003,9.262501
2089.5,2.010032,3.0965357,3.87649,5.9718904,5.7429485,8.847244
2090.5,1.8187253,2.8018196,3.5075412,5.4035096,5.1963577,8.005199
2091.5,1.627418,2.5071034,3.138592,4.8351283,4.649766,7.1631536
2092.5,1.4361115,2.212388,2.7696438,4.2667484,4.103176,6.3211083
2093.5,1.2448053,1.9176722,2.4006948,3.6983678,3.556585,5.479063
2094.5,1.0534978,1.6229558,2.031746,3.1299868,3.0099936,4.6370173
2095.5,0.8621907,1.3282404,1.662797,2.561606,2.4634032,3.794972
2096.5,0.67088366,1.033524,1.2938476,1.9932246,1.9168115,2.9529262
2097.5,0.47957706,0.73880816,0.9248986,1.4248443,1.3702207,2.1108809
2098.5,0.28827,0.44409227,0.55595064,0.8564639,0.82363033,1.2688355
2099.5,0.09696388,0.14937687,0.18700218,0.28808403,0.27703953,0.4267912
2100.5,0.0,0.0,0.0,0.0,0.0,0.0
2101.5,0.0,0.0,0.0,0.0,0.0,0.0
2102.5,0.0,0.0,0.0,0.0,0.0,0.0
2103.5,0.0,0.0,0.0,0.0,0.0,0.0
2104.5,0.0,0.0,0.0,0.0,0.0,0.0
2105.5,0.0,0.0,0.0,0.0,0.0,0.0
2106.5,0.0,0.0,0.0,0.0,0.0,0.0
2107.5,0.0,0.0,0.0,0.0,0.0,0.0
2108.5,0.0,0.0,0.0,0.0,0.0,0.0
2109.5,0.0,0.0,0.0,0.0,0.0,0.0
2110.5,0.0,0.0,0.0,0.0,0.0,0.0
2111.5,0.0,0.0,0.0,0.0,0.0,0.0
2112.5,0.0,0.0,0.0,0.0,0.0,0.0
2113.5,0.0,0.0,0.0,0.0,0.0,0.0
2114.5,0.0,0.0,0.0,0.0,0.0,0.0
2115.5,0.0,0.0,0.0,0.0,0.0,0.0
2116.5,0.0,0.0,0.0,0.0,0.0,0.0
2117.5,0.0,0.0,0.0,0.0,0.0,0.0
2118.5,0.0,0.0,0.0,0.0,0.0,0.0
2119.5,0.0,0.0,0.0,0.0,0.0,0.0
2120.5,0.0,0.0,0.0,0.0,0.0,0.0
2121.5,0.0,0.0,0.0,0.0,0.0,0.0
2122.5,0.0,0.0,0.0,0.0,0.0,0.0
2123.5,0.0,0.0,0.0,0.0,0.0,0.0
2124.5,0.0,0.0,0.0,0.0,0.0,0.0
2125.5,0.0,0.0,0.0,0.0,0.0,0.0
2126.5,0.0,0.0,0.0,0.0,0.0,0.0
2127.5,0.0,0.0,0.0,0.0,0.0,0.0
2128.5,0.0,0.0,0.0,0.0,0.0,0.0
2129.5,0.0,0.0,0.0,0.0,0.0,0.0
2130.5,0.0,0.0,0.0,0.0,0.0,0.0
2131.5,0.0,0.0,0.0,0.0,0.0,0.0
2132.5,0.0,0.0,0.0,0.0,0.0,0.0
2133.5,0.0,0.0,0.0,0.0,0.0,0.0
2134.5,0.0,0.0,0.0,0.0,0.0,0.0
2135.5,0.0,0.0,0.0,0.0,0.0,0.0
2136.5,0.0,0.0,0.0,0.0,0.0,0.0
2137.5,0.0,0.0,0.0,0.0,0.0,0.0
2138.5,0.0,0.0,0.0,0.0,0.0,0.0
2139.5,0.0,0.0,0.0,0.0,0.0,0.0
2140.5,0.0,0.0,0.0,0.0,0.0,0.0
2141.5,0.0,0.0,0.0,0.0,0.0,0.0
2142.5,0.0,0.0,0.0,0.0,0.0,0.0
2143.5,0.0,0.0,0.0,0.0,0.0,0.0
2144.5,0.0,0.0,0.0,0.0,0.0,0.0
2145.5,0.0,0.0,0.0,0.0,0.0,0.0
2146.5,0.0,0.0,0.0,0.0,0.0,0.0
2147.5,0.0,0.0,0.0,0.0,0.0,0.0
2148.5,0.0,0.0,0.0,0.0,0.0,0.0
2149.5,0.0,0.0,0.0,0.0,0.0,0.0
2150.5,0.0,0.0,0.0,0.0,0.0,0.0
2151.5,0.0,0.0,0.0,0.0,0.0,0.0
2152.5,0.0,0.0,0.0,0.0,0.0,0.0
2153.5,0.0,0.0,0.0,0.0,0.0,0.0
2154.5,0.0,0.0,0.0,0.0,0.0,0.0
2155.5,0.0,0.0,0.0,0.0,0.0,0.0
2156.5,0.0,0.0,0.0,0.0,0.0,0.0
2157.5,0.0,0.0,0.0,0.0,0.0,0.0
2158.5,0.0,0.0,0.0,0.0,0.0,0.0
2159.5,0.0,0.0,0.0,0.0,0.0,0.0
2160.5,0.0,0.0,0.0,0.0,0.0,0.0
2161.5,0.0,0.0,0.0,0.0,0.0,0.0
2162.5,0.0,0.0,0.0,0.0,0.0,0.0
2163.5,0.0,0.0,0.0,0.0,0.0,0.0
2164.5,0.0,0.0,0.0,0.0,0.0,0.0
2165.5,0.0,0.0,0.0,0.0,0.0,0.0
2166.5,0.0,0.0,0.0,0.0,0.0,0.0
2167.5,0.0,0.0,0.0,0.0,0.0,0.0
2168.5,0.0,0.0,0.0,0.0,0.0,0.0
2169.5,0.0,0.0,0.0,0.0,0.0,0.0
2170.5,0.0,0.0,0.0,0.0,0.0,0.0
2171.5,0.0,0.0,0.0,0.0,0.0,0.0
2172.5,0.0,0.0,0.0,0.0,0.0,0.0
2173.5,0.0,0.0,0.0,0.0,0.0,0.0
2174.5,0.0,0.0,0.0,0.0,0.0,0.0
2175.5,0.0,0.0,0.0,0.0,0.0,0.0
2176.5,0.0,0.0,0.0,0.0,0.0,0.0
2177.5,0.0,0.0,0.0,0.0,0.0,0.0
2178.5,0.0,0.0,0.0,0.0,0.0,0.0
2179.5,0.0,0.0,0.0,0.0,0.0,0.0
2180.5,0.0,0.0,0.0,0.0,0.0,0.0
2181.5,0.0,0.0,0.0,0.0,0.0,0.0
2182.5,0.0,0.0,0.0,0.0,0.0,0.0
2183.5,0.0,0.0,0.0,0.0,0.0,0.0
2184.5,0.0,0.0,0.0,0.0,0.0,0.0
2185.5,0.0,0.0,0.0,0.0,0.0,0.0
2186.5,0.0,0.0,0.0,0.0,0.0,0.0
2187.5,0.0,0.0,0.0,0.0,0.0,0.0
2188.5,0.0,0.0,0.0,0.0,0.0,0.0
2189.5,0.0,0.0,0.0,0.0,0.0,0.0
2190.5,0.0,0.0,0.0,0.0,0.0,0.0
2191.5,0.0,0.0,0.0,0.0,0.0,0.0
2192.5,0.0,0.0,0.0,0.0,0.0,0.0
2193.5,0.0,0.0,0.0,0.0,0.0,0.0
2194.5,0.0,0.0,0.0,0.0,0.0,0.0
2195.5,0.0,0.0,0.0,0.0,0.0,0.0
2196.5,0.0,0.0,0.0,0.0,0.0,0.0
2197.5,0.0,0.0,0.0,0.0,0.0,0.0
2198.5,0.0,0.0,0.0,0.0,0.0,0.0
2199.5,0.0,0.0,0.0,0.0,0.0,0.0
2200.5,0.0,0.0,0.0,0.0,0.0,0.0
2201.5,0.0,0.0,0.0,0.0,0.0,0.0
2202.5,0.0,0.0,0.0,0.0,0.0,0.0
2203.5,0.0,0.0,0.0,0.0,0.0,0.0
2204.5,0.0,0.0,0.0,0.0,0.0,0.0
2205.5,0.0,0.0,0.0,0.0,0.0,0.0
2206.5,0.0,0.0,0.0,0.0,0.0,0.0
2207.5,0.0,0.0,0.0,0.0,0.0,0.0
2208.5,0.0,0.0,0.0,0.0,0.0,0.0
2209.5,0.0,0.0,0.0,0.0,0.0,0.0
2210.5,0.0,0.0,0.0,0.0,0.0,0.0
2211.5,0.0,0.0,0.0,0.0,0.0,0.0
2212.5,0.0,0.0,0.0,0.0,0.0,0.0
2213.5,0.0,0.0,0.0,0.0,0.0,0.0
2214.5,0.0,0.0,0.0,0.0,0.0,0.0
2215.5,0.0,0.0,0.0,0.0,0.0,0.0
2216.5,0.0,0.0,0.0,0.0,0.0,0.0
2217.5,0.0,0.0,0.0,0.0,0.0,0.0
2218.5,0.0,0.0,0.0,0.0,0.0,0.0
2219.5,0.0,0.0,0.0,0.0,0.0,0.0
2220.5,0.0,0.0,0.0,0.0,0.0,0.0
2221.5,0.0,0.0,0.0,0.0,0.0,0.0
2222.5,0.0,0.0,0.0,0.0,0.0,0.0
2223.5,0.0,0.0,0.0,0.0,0.0,0.0
2224.5,0.0,0.0,0.0,0.0,0.0,0.0
2225.5,0.0,0.0,0.0,0.0,0.0,0.0
2226.5,0.0,0.0,0.0,0.0,0.0,0.0
2227.5,0.0,0.0,0.0,0.0,0.0,0.0
2228.5,0.0,0.0,0.0,0.0,0.0,0.0
2229.5,0.0,0.0,0.0,0.0,0.0,0.0
2230.5,0.0,0.0,0.0,0.0,0.0,0.0
2231.5,0.0,0.0,0.0,0.0,0.0,0.0
2232.5,0.0,0.0,0.0,0.0,0.0,0.0
2233.5,0.0,0.0,0.0,0.0,0.0,0.0
2234.5,0.0,0.0,0.0,0.0,0.0,0.0
2235.5,0.0,0.0,0.0,0.0,0.0,0.0
2236.5,0.0,0.0,0.0,0.0,0.0,0.0
2237.5,0.0,0.0,0.0,0.0,0.0,0.0
2238.5,0.0,0.0,0.0,0.0,0.0,0.0
2239.5,0.0,0.0,0.0,0.0,0.0,0.0
2240.5,0.0,0.0,0.0,0.0,0.0,0.0
2241.5,0.0,0.0,0.0,0.0,0.0,0.0
2242.5,0.0,0.0,0.0,0.0,0.0,0.0
2243.5,0.0,0.0,0.0,0.0,0.0,0.0
2244.5,0.0,0.0,0.0,0.0,0.0,0.0
2245.5,0.0,0.0,0.0,0.0,0.0,0.0
2246.5,0.0,0.0,0.0,0.0,0.0,0.0
2247.5,0.0,0.0,0.0,0.0,0.0,0.0
2248.5,0.0,0.0,0.0,0.0,0.0,0.0
2249.5,0.0,0.0,0.0,0.0,0.0,0.0
2250.5,0.0,0.0,0.0,0.0,0.0,0.0
2251.5,0.0,0.0,0.0,0.0,0.0,0.0
2252.5,0.0,0.0,0.0,0.0,0.0,0.0
2253.5,0.0,0.0,0.0,0.0,0.0,0.0
2254.5,0.0,0.0,0.0,0.0,0.0,0.0
2255.5,0.0,0.0,0.0,0.0,0.0,0.0
2256.5,0.0,0.0,0.0,0.0,0.0,0.0
2257.5,0.0,0.0,0.0,0.0,0.0,0.0
2258.5,0.0,0.0,0.0,0.0,0.0,0.0
2259.5,0.0,0.0,0.0,0.0,0.0,0.0
2260.5,0.0,0.0,0.0,0.0,0.0,0.0
2261.5,0.0,0.0,0.0,0.0,0.0,0.0
2262.5,0.0,0.0,0.0,0.0,0.0,0.0
2263.5,0.0,0.0,0.0,0.0,0.0,0.0
2264.5,0.0,0.0,0.0,0.0,0.0,0.0
2265.5,0.0,0.0,0.0,0.0,0.0,0.0
2266.5,0.0,0.0,0.0,0.0,0.0,0.0
2267.5,0.0,0.0,0.0,0.0,0.0,0.0
2268.5,0.0,0.0,0.0,0.0,0.0,0.0
2269.5,0.0,0.0,0.0,0.0,0.0,0.0
2270.5,0.0,0.0,0.0,0.0,0.0,0.0
2271.5,0.0,0.0,0.0,0.0,0.0,0.0
2272.5,0.0,0.0,0.0,0.0,0.0,0.0
2273.5,0.0,0.0,0.0,0.0,0.0,0.0
2274.5,0.0,0.0,0.0,0.0,0.0,0.0
2275.5,0.0,0.0,0.0,0.0,0.0,0.0
2276.5,0.0,0.0,0.0,0.0,0.0,0.0
2277.5,0.0,0.0,0.0,0.0,0.0,0.0
2278.5,0.0,0.0,0.0,0.0,0.0,0.0
2279.5,0.0,0.0,0.0,0.0,0.0,0.0
2280.5,0.0,0.0,0.0,0.0,0.0,0.0
2281.5,0.0,0.0,0.0,0.0,0.0,0.0
2282.5,0.0,0.0,0.0,0.0,0.0,0.0
2283.5,0.0,0.0,0.0,0.0,0.0,0.0
2284.5,0.0,0.0,0.0,0.0,0.0,0.0
2285.5,0.0,0.0,0.0,0.0,0.0,0.0
2286.5,0.0,0.0,0.0,0.0,0.0,0.0
2287.5,0.0,0.0,0.0,0.0,0.0,0.0
2288.5,0.0,0.0,0.0,0.0,0.0,0.0
2289.5,0.0,0.0,0.0,0.0,0.0,0.0
2290.5,0.0,0.0,0.0,0.0,0.0,0.0
2291.5,0.0,0.0,0.0,0.0,0.0,0.0
2292.5,0.0,0.0,0.0,0.0,0.0,0.0
2293.5,0.0,0.0,0.0,0.0,0.0,0.0
2294.5,0.0,0.0,0.0,0.0,0.0,0.0
2295.5,0.0,0.0,0.0,0.0,0.0,0.0
2296.5,0.0,0.0,0.0,0.0,0.0,0.0
2297.5,0.0,0.0,0.0,0.0,0.0,0.0
2298.5,0.0,0.0,0.0,0.0,0.0,0.0
2299.5,0.0,0.0,0.0,0.0,0.0,0.0
2300.5,0.0,0.0,0.0,0.0,0.0,0.0
