year,variable,scenario,sce1,sce2,sce3,sce4,sce5,sce6,sce7,sce8,sce9
2100,L_permacarb,ssp119,0.8560883716532506,2.675316225454767,4.661530991136232,5.808324025121755,6.698707213610235,8.818896123563905,3.9685833836804747,7.868577133690491,11.78283368135628
2100,L_permacarb,ssp126,4.30152937299369,5.353049591719659,6.199392156623418,9.328442920089346,9.486018381769581,11.934479854508172,6.316566783434436,11.488972158820442,14.394780846830793
2100,L_permacarb,ssp534,1.827302871755785,1.8497412463626683,3.4767014876998528,4.5723530731669095,4.523291389006621,6.408203897153888,2.587536373317567,5.634703261399941,8.632096135969427
2100,L_permacarb,ssp434,2.0588405909196377,2.2846894578080286,3.2007502513728823,4.067309923427953,5.287821950653569,7.311567019877795,2.708929538247351,6.235787763941527,9.586588289890944
2100,L_permacarb,ssp245,1.3686640132903531,1.4731396821679847,2.1112927881493806,3.2551212318958647,3.6132533444905053,4.643272086246466,2.7085890298910127,5.160328394210607,7.495965487003178
2100,L_permacarb,ssp460,0.9560167644111806,1.294824508793415,1.8748271663907314,2.663989915495588,2.7083789733773393,3.9533555757469108,2.2365477092588537,4.375338933441553,6.593929904075102
2100,L_permacarb,ssp370,0.8277995252007666,1.1484244067266234,1.5476408977255973,2.109215859136876,2.1039202529855485,3.101901303140355,1.8191610676664127,3.433538638367269,5.223152630802976
2100,L_permacarb,ssp585,0.554490394570643,0.772480053582191,0.9567728378228699,1.3463149503361107,1.3613953418230738,2.103922617831159,1.2227597428429242,2.2603426784959337,3.2845612672104965
2100,O_dsealev,ssp119,0.9483837632255304,1.3594413447335558,1.878923517884367,2.665856505652107,2.760448938161571,3.9368627346152443,3.096083750322202,5.995081036524096,8.856750680172006
2100,O_dsealev,ssp126,0.8617731104123023,1.2327347601595198,1.6263916489846086,2.305440092589685,2.4095711895352125,3.398500800739282,2.594104585073502,4.989622239468148,7.355381999739816
2100,O_dsealev,ssp534,0.7313190939111829,1.0142296052269166,1.3723265605207995,1.92757582467117,2.000894509933836,2.857451098368778,2.15269568396668,4.141004185824291,6.152214095199845
2100,O_dsealev,ssp434,0.7150836573842823,0.9875811385665156,1.3552055445407594,1.9211449911144243,2.0019395566539773,2.8664474964400464,2.149500754123202,4.171617642367087,6.197692063964455
2100,O_dsealev,ssp245,0.5942266681153895,0.8394945843269194,1.1312176408148937,1.6223398202254995,1.7013526484946246,2.4217056396679166,1.7288389493844962,3.359336193489362,4.988578449305095
2100,O_dsealev,ssp460,0.5420704402540432,0.7557202008463023,1.037325195916157,1.4804513181655192,1.5333843769279023,2.1857826892622265,1.566552891925501,3.017913944540391,4.465308993105935
2100,O_dsealev,ssp370,0.4600172735130058,0.646298092517844,0.8659937134757214,1.2344790294915984,1.2864383369173953,1.8291489664670872,1.2536621850252803,2.412465124581704,3.5822749219782506
2100,O_dsealev,ssp585,0.391303173877232,0.5572608137602878,0.7606994939154896,1.0780705155737689,1.1245564697174628,1.6072449055430464,1.030039668942066,1.989167380889485,2.960125350627964
2100,O_motmax,ssp119,2.718878520502411,4.542116350586729,6.643434835308502,9.536585172207548,10.240553329557663,15.950171757644407,8.663241217600262,17.385036177611696,28.15330097549873
2100,O_motmax,ssp126,1.2031545839391466,2.203360851013418,3.517210697825458,3.9894824796915156,4.786278324439204,7.316809842342218,4.099883675452412,7.9703950035477105,12.68332458833755
2100,O_motmax,ssp534,1.285909610257316,2.2993011340460043,2.5579935777860934,3.8556378193434786,3.8895621390859656,5.711769367057083,3.054624396610564,5.765854782065114,8.853155133386243
2100,O_motmax,ssp434,1.4817393581830671,2.126920933814756,2.7825076182576276,4.083956586385256,4.30042174726088,6.328931745403518,3.3530382107361922,6.56526709849489,9.289687629557381
2100,O_motmax,ssp245,1.0786922148542912,1.552147322457725,1.9540566562249975,2.8270615516048982,2.860149437912751,4.248321874618608,2.077295472112607,4.175501403523047,6.266872787925634
2100,O_motmax,ssp460,0.8264825304526543,1.1405082961551958,1.8619229034036795,2.690535866459472,2.846934683442779,4.080430096746704,1.6117599879693216,3.157276053937541,4.8484886460474215
2100,O_motmax,ssp370,0.5430338110901137,0.8630800793987025,0.7963432803849981,1.3807900837304063,1.5153109068493282,2.156141261144617,0.98022648622661,1.9914651155041676,2.7874513873352402
2100,O_motmax,ssp585,0.5222909558437799,0.7790777402851471,1.0258859929513067,1.4720878783406786,1.431023233163772,2.08584502123259,0.8249878365901476,1.6250625317637022,2.3829663143795066
2100,O_temp,ssp119,0.9708975727560681,1.3562466093834764,1.874245314386714,2.650368374079065,2.74241814395464,3.8984652538368656,2.7973680065799833,5.424286439283902,8.000279999300002
2100,O_temp,ssp126,0.8555405701544737,1.2260247881739204,1.6232768218660698,2.3001201610187065,2.4074855755300986,3.3933354022011377,2.3764525584589977,4.570236836338339,6.739753589019901
2100,O_temp,ssp534,0.7210526713728732,1.000803969948158,1.359692122354649,1.912263944090065,1.9849740788999475,2.8315367923363266,1.955108737565559,3.7608907684591757,5.604855071185364
2100,O_temp,ssp434,0.7249981149542107,0.9984723208747119,1.3677512069045268,1.9453672544418967,2.023176875588879,2.8896009468949333,1.9800901146931555,3.8650091781136995,5.738396196706271
2100,O_temp,ssp245,0.6023145008500274,0.8498634655434246,1.1473593957400812,1.640817928009701,1.727815268361111,2.45133586274093,1.611745952465134,3.127423233863824,4.649111638025488
2100,O_temp,ssp460,0.5510109058213886,0.779302621491332,1.054155812357255,1.498095394829268,1.557601762913785,2.216888168167204,1.4550460998743642,2.806432708633541,4.158321057427158
2100,O_temp,ssp370,0.4695418356240327,0.659209407096404,0.8814828492687679,1.2577909219893733,1.3164295966169464,1.865453647554754,1.178308706675598,2.268313450527078,3.367053454168211
2100,O_temp,ssp585,0.3980641300549665,0.5668458032817021,0.7777453297079402,1.0977013968312326,1.1508334952504944,1.6407347122082436,0.9709600116968182,1.8828929768285878,2.8078568799668333
2100,O_totcarb,ssp119,0.8508258015132334,1.2894868548885683,1.8665175022816263,2.714399269879589,2.7526717107781082,3.9744457856154507,5.782082609591662,11.361026879029646,16.869314334501134
2100,O_totcarb,ssp126,0.7813481922158447,1.129079559260966,1.430726046336252,2.115714944069714,2.1261887804264945,3.0541706816372702,4.084796179144496,7.89936738028405,11.711843814152248
2100,O_totcarb,ssp534,0.7169977924944813,0.9377483443708609,1.2415011037527595,1.700662251655629,1.7483443708609274,2.5147902869757175,3.3571743929359825,6.38233995584989,9.490507726269316
2100,O_totcarb,ssp434,0.7153046246718074,1.0109363048107338,1.378925389179467,1.9825928758967148,2.079758533005313,3.036943623245333,3.8948957019701886,7.638874532261066,11.428335159496394
2100,O_totcarb,ssp245,0.49278227097456745,0.6820997536088645,0.9340590503500982,1.3447109428289044,1.396216434427941,1.9864415273466318,2.3219232428971144,4.519954897893843,6.734691036652421
2100,O_totcarb,ssp460,0.44907256752359254,0.6313049137650504,0.856492027334852,1.2404816140579238,1.2769280833062155,1.8665798893589325,2.116498535632932,4.0794012365766354,6.044907256752359
2100,O_totcarb,ssp370,0.3663885603023229,0.5213185800873051,0.7107938069865064,1.0122792508924179,1.0332157400525506,1.4969589749494907,1.4728820124153381,2.849456174694066,4.236498581552859
2100,O_totcarb,ssp585,0.3042242716923238,0.4245192559145034,0.5761955403685559,0.8159138060286965,0.8533970257501003,1.2099234644955457,1.0477867466308688,2.015376837113618,2.9960424693596472
2300,L_permacarb,ssp119,0.5658828849738353,1.7947938774582408,3.38201760577703,4.345573790888927,5.042818072839775,6.5123190191682365,5.040544970341995,9.826622097906114,14.442814723004515
2300,L_permacarb,ssp126,2.622935192844587,3.329945843242684,3.560419036294075,5.4324785441009205,5.28650411022645,6.352190181987385,6.052082256229966,11.152786035570262,13.775882793919966
2300,L_permacarb,ssp534,1.180125879182503,1.0817763604390258,2.2044234729340624,2.698836550481188,2.9696907150262892,4.249874756432872,2.7716247627548527,5.992691106647375,9.212595572973086
2300,L_permacarb,ssp434,0.8732842662014767,0.5207988100983056,0.2815547272388247,0.5568526827612311,1.6706199965185093,2.127488228286679,2.5846042529941133,5.8823565851902835,8.927731808745975
2300,L_permacarb,ssp245,0.11564567548072589,0.1828113890391882,0.15025845557848772,0.30136291959719697,0.3392493845288597,0.43551043183581256,1.7687461676737233,3.7382170335339353,5.479449535412626
2300,L_permacarb,ssp460,0.5541299481371332,0.27058759882383737,0.1491112251597046,0.06582650869474309,0.5054107284634584,0.1828286683072118,1.7163143588641345,2.2480732367429477,3.508193221711928
2300,L_permacarb,ssp370,0.07019524651270398,0.0932590575051314,0.11651407107573439,0.16849727201721587,0.16883187652902312,0.23317154408510044,0.34449924522782266,0.6445438910298267,0.9647126081848088
2300,L_permacarb,ssp585,0.051545745393574836,0.07543771339311625,0.09541112994006183,0.1375299601248204,0.15018128338605838,0.20593667262585041,0.2398377406214509,0.45381304165576936,0.6735206236721709
2300,O_dsealev,ssp119,0.2993889906249478,0.40745491703709213,0.6940780197670375,0.9134529865063997,1.0217461374603645,1.4392299195023492,4.496835652955929,8.628800333689568,12.68174251581102
2300,O_dsealev,ssp126,0.2541470561479022,0.22449609494048306,0.4056964134302664,0.5865997981168282,0.7414578463493765,0.8589587941956581,2.898540529705514,5.693493581201418,8.621487116245536
2300,O_dsealev,ssp534,0.30410382148445975,0.3977397077357979,0.50354825919981,0.8697355107200054,0.6102222332488725,1.0749257869098698,3.0973616191503264,5.934557347076859,8.973439099086576
2300,O_dsealev,ssp434,0.2092874343022248,0.2739406823161907,0.3811987017780598,0.5234453973715638,0.5538262164623213,0.8680677417059767,2.607330837928059,5.054305863342898,7.478778788959669
2300,O_dsealev,ssp245,0.11343732861957222,0.14120197212638025,0.21301484735885404,0.27939485721323887,0.2884971579088492,0.40351782160407995,1.560853218375703,3.0447683584067295,4.520076458950646
2300,O_dsealev,ssp460,0.02282598766399911,0.09792890749779039,0.14794130896529661,0.16338348109471448,0.17274273830575793,0.254639250246407,1.255706365169699,2.299052750119712,3.4032523750056223
2300,O_dsealev,ssp370,0.05211793846516634,0.0724584528235158,0.10576919319842384,0.13904289694849878,0.14608726299175817,0.22354566016774516,0.6045266051761164,1.1910904473081696,1.7591730136484962
2300,O_dsealev,ssp585,0.05037030623620216,0.07204833427440645,0.10062272591509687,0.1404487345254655,0.14911994574074722,0.22245848289235193,0.3711854734420743,0.7192979279178061,1.0721585909517548
2300,O_motmax,ssp119,4.225629116445225,3.323990455263911,1.6767178997136023,1.0053084955373637,2.6284136459725156,1.2625385775676479,-1.0196978241001808,-7.53684140348733,-11.54813063732503
2300,O_motmax,ssp126,7.78709188612042,15.440179247902977,4.660499402776617,11.828595540911824,6.282169848712398,4.291852147442725,-4.333846523027478,4.105809648865006,6.918556525912485
2300,O_motmax,ssp534,-0.4940121360058982,5.5204461187220035,8.765717623565363,-11.416061271276892,9.36028930756381,17.679009648730183,5.7846078593163615,-17.611930375275886,-14.06889813092212
2300,O_motmax,ssp434,-1.387600383488729,0.519104691094515,1.4584528045380976,0.0163846223676665,0.31108641116988417,0.14137272137506837,-2.210484829832412,-8.804852505186618,-23.957417694949328
2300,O_motmax,ssp245,1.4313597101382576,-0.14953317950466613,1.3863826066218847,0.12012024576326145,-0.6730666644352444,-1.4869639618343127,4.722302995056703,9.233569236497978,14.111681285968608
2300,O_motmax,ssp460,-0.007757765184131258,-0.16305326944237322,-0.31984424650719473,-0.3861591187739553,-0.36433456250293544,-0.5247473877711917,1.7103535554749143,3.435708572540829,5.284720497300788
2300,O_motmax,ssp370,-0.007491996946519213,-0.04689386530098015,0.02835412504628375,-0.24206629013368294,-0.2838823921801921,-0.0850361334682855,0.21977399098808548,0.9476260866347761,1.0603996658910504
2300,O_motmax,ssp585,0.01816342807203034,0.003104650558745428,-0.00017112247174187398,0.02510611121127208,-0.004229169658763457,0.05068892073668224,0.26338193007813576,0.45855933213343886,0.6836587206761782
2300,O_temp,ssp119,0.2772510587637735,0.4005183651221782,0.6779701849712259,0.9064363000133506,0.9969795494720485,1.3950887815709354,4.2757092136288675,8.149595115081274,11.985336410331566
2300,O_temp,ssp126,0.24414224012645566,0.20114111337025375,0.40812362366483607,0.5485282846773121,0.7215180875688739,0.8510141157708567,2.7116749818599994,5.343189107131923,8.110955575120716
2300,O_temp,ssp534,0.27634150600136304,0.3672349796950598,0.4731952259452639,0.8508502165672541,0.5807043927386605,1.0331300023092997,2.896129388373521,5.587801265045651,8.452107376804491
2300,O_temp,ssp434,0.1969894572608044,0.267184545101991,0.37595099520403447,0.5172994656009631,0.549941379315508,0.849168903935447,2.4584451967723435,4.786921672883104,7.08898515092393
2300,O_temp,ssp245,0.11276302355409788,0.13892622853501063,0.21460846529797883,0.27785245707002126,0.2874053411539611,0.3979458569824077,1.4329716039545821,2.8028161902279454,4.175000258317784
2300,O_temp,ssp460,0.020257458537014664,0.09786304613932204,0.14922674432559144,0.16199566368778553,0.1707642950292421,0.25384227664391834,1.1560512356889696,2.1062956532870367,3.1172484418878157
2300,O_temp,ssp370,0.05244384069982315,0.07213863734486095,0.10525889222646376,0.13839976993177866,0.14563838105471927,0.2226646276193435,0.5513305691187858,1.0870496606875257,1.6062292476391766
2300,O_temp,ssp585,0.0497129772946922,0.0709947869726875,0.09901953114067268,0.13833176290696958,0.14705139326114822,0.2182493919581916,0.3403981120891855,0.6601609972596899,0.98432064519353
2300,O_totcarb,ssp119,0.3650607546365381,0.42901300362396083,0.5435941163930932,0.9566190577701982,1.2177574078021745,1.4948838200810062,8.300468983159242,15.940098060115115,23.627691323811554
2300,O_totcarb,ssp126,0.29388884086783645,0.36159852479326937,0.3688016826576771,0.5387962082577002,0.4581208401763333,0.5762526291526204,4.193678508658196,8.231768807445183,12.209352580171148
2300,O_totcarb,ssp534,0.4304206601916892,0.4560218890506744,0.5888282637566603,0.4928236555354657,0.6752324111557355,0.8000384018432884,4.81943133270397,8.989231483111189,13.211834168040065
2300,O_totcarb,ssp434,0.15063076633402372,0.1788740350216532,0.3728111466767087,0.43494633778949354,0.5686311429109396,0.8397665223121823,5.501788740350216,10.747505177932592,15.976275654302391
2300,O_totcarb,ssp245,0.04582136506633839,0.07864861168102859,0.09232663110381617,0.1408836000547121,0.15387771850636028,0.214744904937765,1.8308028997401176,3.509779783887293,5.170975242784845
2300,O_totcarb,ssp460,0.08147322073464577,0.06298284439770488,0.08667363907941039,0.13925564678758603,0.15716819886399752,0.20628326100899674,1.4139359655154482,2.788002057054367,4.148200366340581
2300,O_totcarb,ssp370,0.03828751716495661,0.05374978371234294,0.07252539309131205,0.10897216423872266,0.10897216423872266,0.15278191945631725,0.5411793291585213,1.0352355602678653,1.5355503278368658
2300,O_totcarb,ssp585,0.032215221996310446,0.041940572032932465,0.06260694086075426,0.08540073000908713,0.0939104112911314,0.10758668478013111,0.33643632782939303,0.6500788665104532,0.9625057364369357
